{"cameraMode":{"drawMode":0,"name":"Shaded","section":"Shading Mode"},"sceneLighting":false,"audioPlay":false,"sceneViewState":{"showFog":true,"showMaterialUpdate":true,"showSkybox":false,"showFlares":true,"showImageEffects":true,"showParticleSystems":true},"in2DMode":false,"pivot":{"x":9.699999809265137,"y":29.100000381469728,"z":-8.399999618530274},"rotation":{"x":0.33242374658584597,"y":0.20973308384418488,"z":-0.07608357816934586,"w":0.916363537311554},"size":7.7391862869262699,"orthographic":false}