{"cameraMode":{"drawMode":0,"name":"Shaded","section":"Shading Mode"},"sceneLighting":false,"audioPlay":false,"sceneViewState":{"showFog":true,"showMaterialUpdate":true,"showSkybox":false,"showFlares":true,"showImageEffects":true,"showParticleSystems":true},"in2DMode":false,"pivot":{"x":4.713114261627197,"y":3.009612798690796,"z":-12.473103523254395},"rotation":{"x":0.2028840333223343,"y":-0.15640053153038026,"z":0.03284555301070213,"w":0.966076135635376},"size":57.94035720825195,"orthographic":false}