{"cameraMode":{"drawMode":0,"name":"Shaded","section":"Shading Mode"},"sceneLighting":true,"audioPlay":false,"sceneViewState":{"showFog":true,"showMaterialUpdate":true,"showSkybox":true,"showFlares":true,"showImageEffects":true,"showParticleSystems":true},"in2DMode":false,"pivot":{"x":-4.799430847167969,"y":-0.17459869384765626,"z":-5.057132720947266},"rotation":{"x":0.3219536244869232,"y":0.13849829137325288,"z":-0.0476696714758873,"w":0.9353625178337097},"size":69.70265197753906,"orthographic":false}