{"cameraMode":{"drawMode":0,"name":"Shaded","section":"Shading Mode"},"sceneLighting":true,"audioPlay":false,"sceneViewState":{"showFog":true,"showMaterialUpdate":true,"showSkybox":true,"showFlares":true,"showImageEffects":true,"showParticleSystems":true},"in2DMode":false,"pivot":{"x":-0.341624915599823,"y":-2.8557331562042238,"z":1.8087348937988282},"rotation":{"x":0.07492862641811371,"y":-0.0059835114516317848,"z":0.000448734121164307,"w":0.9971750974655151},"size":34.29386520385742,"orthographic":false}