{"cameraMode":{"drawMode":0,"name":"Shaded","section":"Shading Mode"},"sceneLighting":false,"audioPlay":false,"sceneViewState":{"showFog":true,"showMaterialUpdate":true,"showSkybox":false,"showFlares":true,"showImageEffects":true,"showParticleSystems":true},"in2DMode":false,"pivot":{"x":370.9949951171875,"y":306.5,"z":-8.317500114440918},"rotation":{"x":0.12564682960510255,"y":0.017856165766716005,"z":-0.002261787187308073,"w":0.991912841796875},"size":1593.405029296875,"orthographic":false}