{"cameraMode":{"drawMode":0,"name":"Shaded","section":"Shading Mode"},"sceneLighting":false,"audioPlay":false,"sceneViewState":{"showFog":true,"showMaterialUpdate":true,"showSkybox":false,"showFlares":true,"showImageEffects":true,"showParticleSystems":true},"in2DMode":false,"pivot":{"x":8.812091827392579,"y":-4.285521984100342,"z":71.2689208984375},"rotation":{"x":0.23630212247371674,"y":0.25580134987831118,"z":-0.06463422626256943,"w":0.9351793527603149},"size":152.33766174316407,"orthographic":false}